<?xml version="1.0"?>
<!DOCTYPE hibernate-mapping PUBLIC "-//Hibernate/Hibernate Mapping DTD 3.0//EN"
"http://hibernate.sourceforge.net/hibernate-mapping-3.0.dtd">
<!-- Generated Sep 7, 2020 8:07:48 AM by Hibernate Tools 3.5.0.Final -->
<hibernate-mapping>
<class name="com.bean.Student" table="Student12">
<id name="stud_id" type="int">
<column name="stud_id"/>
<generator class="sequence"/>
</id>
<property name="stud_name" type="java.lang.String">
<column name="stud_name"/>
</property>
<property name="stud_course" type="java.lang.String">
<column name="stud_course"/>
</property>
</class>
</hibernate-mapping>