<?xml version="1.0"?>
<!DOCTYPE hibernate-mapping PUBLIC "-//Hibernate/Hibernate Mapping DTD 3.0//EN"
"http://hibernate.sourceforge.net/hibernate-mapping-3.0.dtd">
<hibernate-mapping>

<class name="com.bean.Employee" table="employee">
<id name="emp_id" type="int">
<column name="emp_id"/>
</id>

<property name="emp_name" type="java.lang.String">
<column name="emp_name"/>
</property>

<property name="designation" type="java.lang.String">
<column name="designation"/>
</property>

<property name="salary" type="int">
<column name="salary"/>
</property>

</class>
</hibernate-mapping>