<?xml version="1.0" encoding="UTF-8"?>
<beans xmlns="http://www.springframework.org/schema/beans"
xmlns:xsi="http://www.w3.org/2001/XMLSchema-instance"
xmlns:context="http://www.springframework.org/schema/context"
xsi:schemaLocation="http://www.springframework.org/schema/beans
http://www.springframework.org/schema/beans/spring-beans-3.0.xsd
http://www.springframework.org/schema/context
http://www.springframework.org/schema/context/spring-context-3.0.xsd">

 <context:annotation-config></context:annotation-config>
<context:component-scan base-package="com"></context:component-scan>

 <bean
class="org.springframework.web.servlet.view.InternalResourceViewResolver">
<property name="prefix" value="/WEB-INF/view/"></property>
<property name="suffix" value=".jsp"></property>
</bean>

<bean id="datasource"
class="org.springframework.jdbc.datasource.DriverManagerDataSource">
<property name="driverClassName"
value="oracle.jdbc.driver.OracleDriver" />
<property name="url"
value="jdbc:oracle:thin:@localhost:1521:XE" />
<property name="username" value="system" />
<property name="password" value="system" />
</bean>

 <!-- Initialization for sessionFactory -->
<bean id="sessionFactory"
class="org.springframework.orm.hibernate3.LocalSessionFactoryBean">
<property name="dataSource" ref="datasource"></property>
<property name="mappingResources">
<list>
<value>student.hbm.xml</value>
</list>
</property>
<property name="hibernateProperties">
<props>

<prop key="hibernate.dialect">org.hibernate.dialect.Oracle10gDialect</prop>
<prop key="hbm2ddl.auto">update</prop>
<prop key="show_sql">true</prop>

</props>
</property>
</bean>
 <bean id="hibernateTemplate" class="org.springframework.orm.hibernate3.HibernateTemplate">
<property name="sessionFactory" ref="sessionFactory"></property>
</bean>
</beans>
